{
  "detectors": {
    "credit_card": {
      "f1": 0.04809470958194599,
      "fn": 2501,
      "fp": 72,
      "precision": 0.4744525547445255,
      "recall": 0.02533125487139517,
      "tn": 40863,
      "tp": 65
    },
    "email": {
      "f1": 0.9985181526302791,
      "fn": 0,
      "fp": 12,
      "precision": 0.9970406905055487,
      "recall": 1.0,
      "tn": 39446,
      "tp": 4043
    },
    "us_ssn": {
      "f1": 0.40627450980392155,
      "fn": 1514,
      "fp": 0,
      "precision": 1.0,
      "recall": 0.2549212598425197,
      "tn": 41469,
      "tp": 518
    }
  },
  "rollup": {
    "macro_f1": 0.48429579067204886,
    "macro_precision": 0.8238310817500247,
    "macro_recall": 0.4267508382379716,
    "micro_f1": 0.692981799116171,
    "micro_precision": 0.9821656050955414,
    "micro_recall": 0.53535470431663
  }
}
