{
  "detectors": {
    "credit_card": {
      "f1": 0.13507981989357348,
      "fn": 2236,
      "fp": 1990,
      "precision": 0.14224137931034483,
      "recall": 0.12860483242400625,
      "tn": 38945,
      "tp": 330
    },
    "email": {
      "f1": 0.9985181526302791,
      "fn": 0,
      "fp": 12,
      "precision": 0.9970406905055487,
      "recall": 1.0,
      "tn": 39446,
      "tp": 4043
    },
    "us_ssn": {
      "f1": 0.40627450980392155,
      "fn": 1514,
      "fp": 0,
      "precision": 1.0,
      "recall": 0.2549212598425197,
      "tn": 41469,
      "tp": 518
    }
  },
  "rollup": {
    "macro_f1": 0.5132908274425914,
    "macro_precision": 0.7130940232719644,
    "macro_recall": 0.461175364088842,
    "micro_f1": 0.6297154628556714,
    "micro_precision": 0.7095604236181634,
    "micro_recall": 0.5660224511051961
  }
}
